{
    "product": [{
            "name": "product1",
            "id": "1",
            "img": "assets/home.jpg"
        },
        {
            "name": "product2",
            "id": "2",
            "img": "assets/home.jpg"
        },
        {
            "name": "product3",
            "id": "3",
            "img": "assets/home.jpg"
        },
        {
            "name": "product4",
            "id": "4",
            "img": "assets/home.jpg"
        },
        {
            "name": "product5",
            "id": "5",
            "img": "assets/home.jpg"
        }
    ]
}