{
    "product": [{
            "name": "airtel",
            "id": "1",
            "img": "assets/airtel.jpg"
        },
        {
            "name": "bsnl",
            "id": "2",
            "img": "assets/bsnl.png"
        },
        {
            "name": "docomo",
            "id": "3",
            "img": "assets/docomo.png"
        },
        {
            "name": "jio",
            "id": "4",
            "img": "assets/jio.jpeg"
        },
        {
            "name": "vi",
            "id": "5",
            "img": "assets/vi.png"
        }
    ]
}