{
    "movie": [{
            "name": "Wonder Woman",
            "id": "1",
            "img": "assets/movie2.png",
            "category": "hollywood"
        },
        {
            "name": "product2",
            "id": "2",
            "img": "assets/movie2.png",
            "category": "bollywood"
        },
        {
            "name": "product3",
            "id": "3",
            "img": "assets/movie2.png",
            "category": "bollywood"
        },
        {
            "name": "product4",
            "id": "4",
            "img": "assets/movie2.png",
            "category": "hollywood"
        },
        {
            "name": "product5",
            "id": "5",
            "img": "assets/movie2.png",
            "category": "bollywood"
        }
    ]
}