{
    "student": [{
            "name": "name",
            "rollNo": "1",
            "book": "xyz",
            "issue of book": "xyz"
        },
        {
            "name": "name",
            "rollNo": "2",
            "book": "xyz",
            "issue of book": "xyz"
        },
        {
            "name": "name",
            "rollNo": "3",
            "book": "xyz",
            "issue of book": "xyz"
        },
        {
            "name": "name",
            "rollNo": "4",
            "book": "xyz",
            "issue of book": "xyz"
        },
        {
            "name": "name",
            "rollNo": "5",
            "book": "xyz",
            "issue of book": "xyz"
        }
    ]
}